DateMonth,client,noOfTickets
2018/01,,63
2018/01,1199,7
2018/01,ABN,14
2018/01,AC1,48
2018/01,AEG,58
2018/01,AFLAC,15
2018/01,AGFSA,2
2018/01,AHSS,8
2018/01,AKAAN,12
2018/01,ALIMCO,1
2018/01,ALLEGHANY,6
2018/01,ALLSTATE,27
2018/01,AMBAC,12
2018/01,AMCAP,1
2018/01,AMFAM,17
2018/01,AMP,20
2018/01,APFC,13
2018/01,ARCH,46
2018/01,ARGO,13
2018/01,ARMOUR,3
2018/01,ASPEN,6
2018/01,ASUF,1
2018/01,ATHENE,29
2018/01,AVIVA,110
2018/01,AWAC,1
2018/01,AXIS,12
2018/01,BCBSM,3
2018/01,BEN,2
2018/01,BHF,16
2018/01,BLK,2257
2018/01,BNY,13
2018/01,BNYMAS,33
2018/01,BOEING,31
2018/01,BRAEBURN,2
2018/01,BSP,13
2018/01,CAL,26
2018/01,CALSTRS,27
2018/01,CANO,10
2018/01,CAPGROUP,56
2018/01,CATLIN,37
2018/01,CFS,37
2018/01,CHIMERA,3
2018/01,COAL,10
2018/01,COMPASS,13
2018/01,CSAM,44
2018/01,DAWM,483
2018/01,DIAM,12
2018/01,DISNEY,10
2018/01,DLG,9
2018/01,DPR,6
2018/01,DTCC,12
2018/01,DYNEX,8
2018/01,EASTSPRING,52
2018/01,EATONVANCE,64
2018/01,ENDUR,64
2018/01,ENS,17
2018/01,EdwardJones,5
2018/01,FANNIEMAE,7
2018/01,FITB,32
2018/01,FRBNY,8
2018/01,FRE,29
2018/01,GAFG,44
2018/01,GEAM,41
2018/01,GENWORTH,11
2018/01,GIC,63
2018/01,GMAC,5
2018/01,GOOGLE,13
2018/01,GSMM,1
2018/01,GUGGENHEIM,55
2018/01,HCSC,6
2018/01,HIC,12
2018/01,HIERS,8
2018/01,HIM,110
2018/01,HMANN,1
2018/01,HORIZON,5
2018/01,HSBCUK,4
2018/01,IBM,5
2018/01,IIM,85
2018/01,ILLTRS,8
2018/01,ING,122
2018/01,INVESCO,99
2018/01,ISSSTE,5
2018/01,JAGUAR,13
2018/01,JPM-Pension,5
2018/01,JPM-Team,20
2018/01,JUPITER,30
2018/01,KRK,40
2018/01,LANC,64
2018/01,LCP,25
2018/01,LMGINV,70
2018/01,MEAG,18
2018/01,MERCK,14
2018/01,METAFORE,8
2018/01,METLIFE,71
2018/01,MHTB,2
2018/01,MICHELIN,2
2018/01,MIZUHO,23
2018/01,MIZUHOBANK,8
2018/01,MSIM,131
2018/01,NBG,103
2018/01,NDRIO,16
2018/01,NJM,3
2018/01,NMXERB,1
2018/01,NOKIA,4
2018/01,NOVAE,6
2018/01,NT,7
2018/01,NTGA,9
2018/01,NTGI,40
2018/01,NWM,17
2018/01,NYLIM,53
2018/01,NYSCRF,19
2018/01,OCERS,3
2018/01,ONEAMERICA,3
2018/01,ONEWEST,6
2018/01,ONFA,9
2018/01,OREGON,7
2018/01,PARTNERRE,7
2018/01,PB2,17
2018/01,PBGC,7
2018/01,PD1,55
2018/01,PFA,3
2018/01,PG1,21
2018/01,PIONEER,98
2018/01,PNC,72
2018/01,PPF,49
2018/01,PPMG,80
2018/01,PRINCIPAL,20
2018/01,PRU,86
2018/01,PRUGP,5
2018/01,PSERS,15
2018/01,QIC,24
2018/01,QUALCOMM,8
2018/01,RAYTHEON,22
2018/01,RED,10
2018/01,REGIONS,15
2018/01,RENRE,33
2018/01,REUTERS,1
2018/01,RGA,29
2018/01,RVSI,130
2018/01,SCHRODERS,99
2018/01,SCHWAB,6
2018/01,SEI,98
2018/01,SELECTIVE,7
2018/01,SENTINEL,12
2018/01,SGCP,2
2018/01,SLOAN,1
2018/01,SMAM,7
2018/01,SPC,3
2018/01,STANDISH,11
2018/01,STT-PA,1
2018/01,SUNLIFE,25
2018/01,SUNSUPER,38
2018/01,SURAAM,11
2018/01,SWISSRE,42
2018/01,TDBANK,2
2018/01,TEA,6
2018/01,TFL,1
2018/01,TOKMAR,60
2018/01,TWG,1
2018/01,UAWRMBT,34
2018/01,UBSWM,2
2018/01,UCREGENTS,32
2018/01,UNIONBANK,4
2018/01,UP1,9
2018/01,VALIDUS,9
2018/01,VANGUARD,96
2018/01,VENDOR,1
2018/01,VIMCO,11
2018/01,VRS,4
2018/01,WACHOVIA,38
2018/01,WATFORD,1
2018/01,WBLAIR,2
2018/01,WRBERKLEY,13
2018/02,,63
2018/02,1199,5
2018/02,ABN,8
2018/02,AC1,32
2018/02,AEG,39
2018/02,AFLAC,7
2018/02,AHSS,4
2018/02,AIRBUS,1
2018/02,AKAAN,7
2018/02,ALLEGHANY,5
2018/02,ALLSTATE,32
2018/02,AMBAC,18
2018/02,AMCAP,1
2018/02,AMFAM,24
2018/02,AMP,33
2018/02,APFC,9
2018/02,ARCH,30
2018/02,ARGO,9
2018/02,ARMOUR,2
2018/02,ASPEN,5
2018/02,ATHENE,21
2018/02,AVIVA,126
2018/02,AWAC,7
2018/02,AXIS,7
2018/02,BANAMEX,10
2018/02,BCBSM,4
2018/02,BHF,29
2018/02,BLK,2111
2018/02,BNY,16
2018/02,BNYMAS,36
2018/02,BOCI PRU,1
2018/02,BOEING,38
2018/02,BRAEBURN,4
2018/02,BSP,8
2018/02,CAL,14
2018/02,CALSTRS,48
2018/02,CAM,3
2018/02,CANO,10
2018/02,CAPGROUP,48
2018/02,CATLIN,35
2018/02,CFS,42
2018/02,CHIMERA,5
2018/02,COAL,5
2018/02,COMMONFUND,1
2018/02,COMPASS,24
2018/02,COSMOS,1
2018/02,CSAM,48
2018/02,DAWM,541
2018/02,DIAM,6
2018/02,DISNEY,10
2018/02,DLG,9
2018/02,DTCC,28
2018/02,DYNEX,7
2018/02,EASTSPRING,49
2018/02,EATONVANCE,43
2018/02,ENDUR,53
2018/02,ENS,9
2018/02,EdwardJones,2
2018/02,FANNIEMAE,6
2018/02,FITB,25
2018/02,FRBNY,3
2018/02,FRE,41
2018/02,GAFG,30
2018/02,GEAM,34
2018/02,GENWORTH,10
2018/02,GIC,52
2018/02,GMAC,11
2018/02,GOOGLE,14
2018/02,GREYCASTLE,2
2018/02,GSMM,1
2018/02,GUGGENHEIM,40
2018/02,HCSC,5
2018/02,HIC,8
2018/02,HIERS,6
2018/02,HIM,88
2018/02,HMANN,9
2018/02,HORIZON,16
2018/02,IBM,6
2018/02,IIM,61
2018/02,ILLTRS,12
2018/02,ING,95
2018/02,INVESCO,105
2018/02,ISSSTE,2
2018/02,JAGUAR,5
2018/02,JPM-Pension,7
2018/02,JPM-Team,11
2018/02,JUPITER,20
2018/02,KRK,30
2018/02,LANC,63
2018/02,LCP,14
2018/02,LMGINV,34
2018/02,Latvijas Banka,9
2018/02,MEAG,33
2018/02,MERCK,3
2018/02,METAFORE,29
2018/02,METLIFE,37
2018/02,MHTB,2
2018/02,MICHELIN,4
2018/02,MIZUHO,45
2018/02,MIZUHOBANK,8
2018/02,MS-INS,4
2018/02,MSIM,100
2018/02,NBG,81
2018/02,NDRIO,8
2018/02,NJM,4
2018/02,NLI,3
2018/02,NMXERB,1
2018/02,NOKIA,4
2018/02,NOVAE,2
2018/02,NT,12
2018/02,NTGA,14
2018/02,NTGI,35
2018/02,NWM,18
2018/02,NYLIM,19
2018/02,NYSCRF,16
2018/02,NYSIF,12
2018/02,OCERS,2
2018/02,ONEAMERICA,5
2018/02,ONEWEST,5
2018/02,ONFA,10
2018/02,OREGON,7
2018/02,PARTNERRE,8
2018/02,PB2,27
2018/02,PBGC,6
2018/02,PD1,48
2018/02,PG1,16
2018/02,PIONEER,93
2018/02,PNC,60
2018/02,PPF,73
2018/02,PPMG,93
2018/02,PRINCIPAL,11
2018/02,PRU,98
2018/02,PRUGP,11
2018/02,PSERS,16
2018/02,QIC,28
2018/02,QUALCOMM,5
2018/02,RAYTHEON,38
2018/02,RED,8
2018/02,REGIONS,16
2018/02,RENRE,19
2018/02,RGA,33
2018/02,RVSI,92
2018/02,SCHRODERS,106
2018/02,SCHWAB,7
2018/02,SEI,78
2018/02,SELECTIVE,9
2018/02,SENTINEL,10
2018/02,SGCP,1
2018/02,SLOAN,2
2018/02,SMAM,2
2018/02,STANDISH,17
2018/02,SUNLIFE,15
2018/02,SUNSUPER,19
2018/02,SURAAM,13
2018/02,SWISSRE,39
2018/02,TDBANK,8
2018/02,TEA,8
2018/02,TFL,1
2018/02,TOKMAR,38
2018/02,TWG,5
2018/02,UAWRMBT,27
2018/02,UBSWM,1
2018/02,UCREGENTS,26
2018/02,UNIONBANK,6
2018/02,UP1,11
2018/02,VALIDUS,8
2018/02,VANGUARD,59
2018/02,VIMCO,14
2018/02,VRS,4
2018/02,WACHOVIA,28
2018/02,WATFORD,3
2018/02,WBLAIR,2
2018/02,WRBERKLEY,3
2018/03,,148
2018/03,1199,7
2018/03,ABN,5
2018/03,AC1,49
2018/03,AEG,34
2018/03,AFLAC,17
2018/03,AGFSA,3
2018/03,AHSS,8
2018/03,AIRBUS,1
2018/03,AKAAN,3
2018/03,ALIMCO,4
2018/03,ALLEGHANY,4
2018/03,ALLSTATE,54
2018/03,AMBAC,12
2018/03,AMCAP,3
2018/03,AMFAM,25
2018/03,AMP,35
2018/03,APFC,10
2018/03,ARCH,52
2018/03,ARGO,10
2018/03,ARMOUR,8
2018/03,ASPEN,4
2018/03,AT2,1
2018/03,ATHENE,18
2018/03,AUSSUPER,1
2018/03,AVIVA,130
2018/03,AWAC,12
2018/03,AXIS,13
2018/03,BANAMEX,18
2018/03,BCBSM,9
2018/03,BEN,1
2018/03,BHF,44
2018/03,BLK,2389
2018/03,BNY,26
2018/03,BNYMAS,31
2018/03,BOCI PRU,4
2018/03,BOEING,70
2018/03,BRAEBURN,2
2018/03,BSP,9
2018/03,CAL,7
2018/03,CALSTRS,42
2018/03,CAM,8
2018/03,CANO,25
2018/03,CAPGROUP,48
2018/03,CATLIN,38
2018/03,CFS,47
2018/03,CHIMERA,3
2018/03,COAL,9
2018/03,COMPASS,12
2018/03,CSAM,41
2018/03,DAN,3
2018/03,DAWM,679
2018/03,DIAM,3
2018/03,DISNEY,21
2018/03,DLG,15
2018/03,DTCC,32
2018/03,DYNEX,6
2018/03,EASTSPRING,91
2018/03,EATONVANCE,85
2018/03,ENDUR,63
2018/03,ENS,14
2018/03,EQUITRUST,1
2018/03,EdwardJones,5
2018/03,FANNIEMAE,4
2018/03,FITB,42
2018/03,FNFG,2
2018/03,FRBNY,6
2018/03,FRE,48
2018/03,GAFG,62
2018/03,GEAM,60
2018/03,GENWORTH,13
2018/03,GIC,60
2018/03,GMAC,8
2018/03,GOOGLE,4
2018/03,GREYCASTLE,1
2018/03,GSMM,5
2018/03,GUGGENHEIM,77
2018/03,HCSC,14
2018/03,HIC,19
2018/03,HIERS,7
2018/03,HIM,119
2018/03,HMANN,16
2018/03,HORIZON,8
2018/03,IBM,2
2018/03,IIM,83
2018/03,ILLTRS,23
2018/03,ING,71
2018/03,INVESCO,118
2018/03,ISSSTE,6
2018/03,JAGUAR,9
2018/03,JPM-Pension,5
2018/03,JPM-Team,30
2018/03,JUPITER,22
2018/03,KRK,32
2018/03,LANC,73
2018/03,LCP,11
2018/03,LMGINV,38
2018/03,Latvijas Banka,15
2018/03,MEAG,44
2018/03,MERCK,20
2018/03,METAFORE,11
2018/03,METLIFE,58
2018/03,MHTB,1
2018/03,MICHELIN,4
2018/03,MIZUHO,55
2018/03,MIZUHOBANK,13
2018/03,MO1,2
2018/03,MS-INS,2
2018/03,MSIM,149
2018/03,NBG,86
2018/03,NDRIO,8
2018/03,NGUKPS,1
2018/03,NJM,15
2018/03,NMXERB,32
2018/03,NOKIA,5
2018/03,NOVAE,4
2018/03,NT,11
2018/03,NTGA,5
2018/03,NTGI,46
2018/03,NWM,16
2018/03,NYLIM,121
2018/03,NYSCRF,51
2018/03,NYSIF,10
2018/03,OCICL,3
2018/03,ONEAMERICA,3
2018/03,ONEWEST,8
2018/03,ONFA,13
2018/03,OREGON,25
2018/03,PARTNERRE,4
2018/03,PB2,23
2018/03,PBGC,13
2018/03,PD1,74
2018/03,PFA,3
2018/03,PG1,33
2018/03,PIONEER,121
2018/03,PNC,77
2018/03,PPF,52
2018/03,PPMG,112
2018/03,PRINCIPAL,32
2018/03,PRU,182
2018/03,PRUGP,6
2018/03,PSERS,17
2018/03,QIC,32
2018/03,QUALCOMM,15
2018/03,RAYTHEON,33
2018/03,RED,82
2018/03,REGIONS,20
2018/03,RENRE,20
2018/03,REUTERS,2
2018/03,RGA,19
2018/03,RVSI,283
2018/03,SCHRODERS,126
2018/03,SCHWAB,14
2018/03,SEI,138
2018/03,SELECTIVE,13
2018/03,SENTINEL,7
2018/03,SGCP,5
2018/03,SH1,4
2018/03,SLOAN,1
2018/03,SMAM,4
2018/03,SPC,6
2018/03,STANDISH,6
2018/03,SUNLIFE,51
2018/03,SUNSUPER,20
2018/03,SURAAM,22
2018/03,SW1,6
2018/03,SWISSRE,44
2018/03,TDBANK,1
2018/03,TEA,16
2018/03,TFL,1
2018/03,TOKMAR,33
2018/03,UAWRMBT,32
2018/03,UCREGENTS,50
2018/03,UNIONBANK,8
2018/03,UP1,15
2018/03,VALIDUS,6
2018/03,VANGUARD,69
2018/03,VIMCO,25
2018/03,VRS,8
2018/03,WACHOVIA,28
2018/03,WATFORD,4
2018/03,WBLAIR,12
2018/03,WRBERKLEY,12
2018/04,,120
2018/04,1199,13
2018/04,ABN,13
2018/04,AC1,49
2018/04,AEG,40
2018/04,AEGONUK,1
2018/04,AFLAC,35
2018/04,AGFSA,5
2018/04,AHSS,3
2018/04,AIRBUS,1
2018/04,AKAAN,3
2018/04,ALIMCO,6
2018/04,ALLSTATE,46
2018/04,AMBAC,21
2018/04,AMCAP,9
2018/04,AMFAM,25
2018/04,AMP,10
2018/04,APFC,17
2018/04,ARCH,63
2018/04,ARGO,12
2018/04,ARMOUR,14
2018/04,ASPEN,2
2018/04,ATHENE,22
2018/04,ATT,5
2018/04,AUSSUPER,8
2018/04,AVIVA,162
2018/04,AWAC,8
2018/04,AXIS,18
2018/04,BANAMEX,36
2018/04,BCBSM,5
2018/04,BEN,3
2018/04,BHF,31
2018/04,BLK,3014
2018/04,BNPPAM,7
2018/04,BNY,19
2018/04,BNYMAS,30
2018/04,BOCI PRU,3
2018/04,BOEING,64
2018/04,BRAEBURN,4
2018/04,BSP,15
2018/04,CAL,22
2018/04,CALSTRS,43
2018/04,CANO,14
2018/04,CAPGROUP,44
2018/04,CATLIN,54
2018/04,CFS,48
2018/04,CHIMERA,3
2018/04,COAL,10
2018/04,COMPASS,12
2018/04,CSAM,38
2018/04,DAWM,593
2018/04,DISNEY,15
2018/04,DLG,22
2018/04,DTCC,34
2018/04,DYNEX,4
2018/04,EASTSPRING,109
2018/04,EATONVANCE,73
2018/04,ENDUR,64
2018/04,ENS,12
2018/04,EQUITRUST,8
2018/04,EdwardJones,6
2018/04,FANNIEMAE,6
2018/04,FITB,37
2018/04,FRBNY,4
2018/04,FRE,44
2018/04,GAFG,36
2018/04,GEAM,20
2018/04,GENWORTH,16
2018/04,GIC,73
2018/04,GMAC,14
2018/04,GOOGLE,3
2018/04,GREYCASTLE,2
2018/04,GSMM,2
2018/04,GUGGENHEIM,48
2018/04,HCSC,13
2018/04,HIC,15
2018/04,HIERS,16
2018/04,HIM,108
2018/04,HMANN,8
2018/04,HORIZON,12
2018/04,IIM,65
2018/04,ILLTRS,27
2018/04,ING,96
2018/04,INVESCO,122
2018/04,ISSSTE,8
2018/04,JAGUAR,4
2018/04,JPM-Pension,4
2018/04,JPM-Team,45
2018/04,JUPITER,24
2018/04,KRK,25
2018/04,LANC,68
2018/04,LCP,19
2018/04,LMGINV,53
2018/04,LW1,15
2018/04,Latvijas Banka,13
2018/04,MEAG,30
2018/04,MERCK,17
2018/04,METAFORE,3
2018/04,METLIFE,53
2018/04,MHTB,1
2018/04,MICHELIN,3
2018/04,MIZUHO,40
2018/04,MIZUHOBANK,11
2018/04,MO1,4
2018/04,MS-INS,2
2018/04,MSIM,114
2018/04,NBG,99
2018/04,NDRIO,10
2018/04,NGUKPS,5
2018/04,NJM,6
2018/04,NLI,1
2018/04,NMXERB,40
2018/04,NOKIA,8
2018/04,NOVAE,4
2018/04,NT,11
2018/04,NTGA,9
2018/04,NTGI,41
2018/04,NWM,23
2018/04,NYLIM,143
2018/04,NYSCRF,55
2018/04,NYSIF,10
2018/04,ONEAMERICA,11
2018/04,ONEWEST,12
2018/04,ONFA,7
2018/04,OREGON,28
2018/04,PARTNERRE,7
2018/04,PB2,21
2018/04,PBGC,10
2018/04,PD1,91
2018/04,PFA,9
2018/04,PG1,46
2018/04,PIONEER,94
2018/04,PNC,107
2018/04,PPF,61
2018/04,PPMG,120
2018/04,PRINCIPAL,33
2018/04,PRU,119
2018/04,PRUGP,10
2018/04,PSERS,6
2018/04,QIC,25
2018/04,QUALCOMM,20
2018/04,RAYTHEON,43
2018/04,RED,60
2018/04,REGIONS,22
2018/04,RENRE,26
2018/04,REUTERS,12
2018/04,RGA,27
2018/04,RVSI,341
2018/04,SCHRODERS,128
2018/04,SCHWAB,19
2018/04,SEI,107
2018/04,SELECTIVE,10
2018/04,SENTINEL,5
2018/04,SGCP,4
2018/04,SH1,6
2018/04,SMAM,10
2018/04,STANDISH,1
2018/04,STT-PA,1
2018/04,SUNLIFE,48
2018/04,SUNSUPER,12
2018/04,SURAAM,17
2018/04,SW1,8
2018/04,SWISSRE,54
2018/04,TDBANK,5
2018/04,TEA,14
2018/04,TFL,4
2018/04,TOKMAR,40
2018/04,TWG,2
2018/04,UAWRMBT,31
2018/04,UBSWM,4
2018/04,UCREGENTS,45
2018/04,UNIONBANK,14
2018/04,UP1,20
2018/04,VALIDUS,5
2018/04,VANGUARD,73
2018/04,VIMCO,27
2018/04,VRS,16
2018/04,WACHOVIA,33
2018/04,WATFORD,6
2018/04,WBLAIR,8
2018/04,WRBERKLEY,15
2018/05,,189
2018/05,1199,7
2018/05,ABN,7
2018/05,AC1,49
2018/05,AEG,28
2018/05,AEGONUK,2
2018/05,AFLAC,21
2018/05,AGFSA,2
2018/05,AHSS,8
2018/05,AKAAN,7
2018/05,ALIMCO,2
2018/05,ALLEGHANY,3
2018/05,ALLSTATE,56
2018/05,AMBAC,10
2018/05,AMCAP,4
2018/05,AMFAM,22
2018/05,AMP,24
2018/05,APFC,9
2018/05,ARCH,55
2018/05,ARGO,14
2018/05,ARMOUR,9
2018/05,ASPEN,2
2018/05,ATHENE,15
2018/05,ATT,5
2018/05,AUSSUPER,16
2018/05,AVIVA,158
2018/05,AWAC,18
2018/05,AXIS,14
2018/05,BANAMEX,37
2018/05,BCBSM,6
2018/05,BEN,5
2018/05,BHF,59
2018/05,BLK,2928
2018/05,BNPPAM,16
2018/05,BNY,17
2018/05,BNYMAS,40
2018/05,BOCI PRU,1
2018/05,BOEING,74
2018/05,BRAEBURN,3
2018/05,BSP,16
2018/05,CAL,20
2018/05,CALSTRS,28
2018/05,CANO,15
2018/05,CAPGROUP,63
2018/05,CATLIN,32
2018/05,CFS,42
2018/05,CHIMERA,4
2018/05,COAL,8
2018/05,COMPASS,12
2018/05,CSAM,45
2018/05,DAN,1
2018/05,DAWM,661
2018/05,DELLIFE,1
2018/05,DISNEY,21
2018/05,DLG,18
2018/05,DTCC,52
2018/05,DYNEX,14
2018/05,EASTSPRING,147
2018/05,EATONVANCE,83
2018/05,ENDUR,64
2018/05,ENS,15
2018/05,EQUITRUST,7
2018/05,EdwardJones,5
2018/05,FANNIEMAE,4
2018/05,FITB,45
2018/05,FRBNY,4
2018/05,FRE,43
2018/05,GAFG,42
2018/05,GEAM,37
2018/05,GENWORTH,15
2018/05,GIC,64
2018/05,GMAC,9
2018/05,GOOGLE,2
2018/05,GREYCASTLE,1
2018/05,GSMM,4
2018/05,GUGGENHEIM,47
2018/05,HCSC,15
2018/05,HIC,16
2018/05,HIERS,7
2018/05,HIM,113
2018/05,HMANN,9
2018/05,HORIZON,2
2018/05,IBM,1
2018/05,IIM,65
2018/05,ILLTRS,29
2018/05,ING,93
2018/05,INVESCO,129
2018/05,ISSSTE,6
2018/05,JPM-Pension,13
2018/05,JPM-Team,32
2018/05,JUPITER,37
2018/05,KRK,46
2018/05,LANC,74
2018/05,LB2,11
2018/05,LCP,21
2018/05,LMGINV,39
2018/05,LW1,6
2018/05,Latvijas Banka,11
2018/05,MEAG,28
2018/05,MERCK,9
2018/05,METAFORE,4
2018/05,METLIFE,81
2018/05,MHTB,2
2018/05,MICHELIN,7
2018/05,MIZUHO,49
2018/05,MIZUHOBANK,19
2018/05,MO1,6
2018/05,MS-INS,8
2018/05,MSIM,103
2018/05,NBG,56
2018/05,NDRIO,11
2018/05,NGUKPS,6
2018/05,NIK,2
2018/05,NJM,6
2018/05,NLI,1
2018/05,NMXERB,46
2018/05,NOKIA,7
2018/05,NOVAE,4
2018/05,NT,16
2018/05,NTGA,7
2018/05,NTGI,30
2018/05,NWM,23
2018/05,NYLIM,26
2018/05,NYSCRF,60
2018/05,NYSIF,14
2018/05,OCICL,2
2018/05,ONEAMERICA,5
2018/05,ONEWEST,10
2018/05,ONFA,10
2018/05,OREGON,8
2018/05,PARTNERRE,3
2018/05,PB2,12
2018/05,PBGC,13
2018/05,PD1,77
2018/05,PFA,3
2018/05,PG1,26
2018/05,PIONEER,111
2018/05,PNC,73
2018/05,PPF,68
2018/05,PPMG,127
2018/05,PRINCIPAL,25
2018/05,PRU,77
2018/05,PRUGP,5
2018/05,PSERS,9
2018/05,QIC,34
2018/05,QUALCOMM,5
2018/05,RAYTHEON,41
2018/05,RED,13
2018/05,REGIONS,21
2018/05,RENRE,20
2018/05,REUTERS,11
2018/05,RGA,21
2018/05,RVSI,117
2018/05,SCHRODERS,183
2018/05,SCHWAB,6
2018/05,SEI,141
2018/05,SELECTIVE,1
2018/05,SENTINEL,9
2018/05,SGCP,2
2018/05,SH1,10
2018/05,SLOAN,2
2018/05,SMAM,11
2018/05,SPC,3
2018/05,SUNLIFE,17
2018/05,SUNSUPER,15
2018/05,SURAAM,19
2018/05,SW1,9
2018/05,SWISSRE,56
2018/05,TDBANK,3
2018/05,TEA,13
2018/05,TFL,4
2018/05,TOKMAR,45
2018/05,TWG,1
2018/05,UAWRMBT,44
2018/05,UBSWM,9
2018/05,UCREGENTS,41
2018/05,UNIONBANK,23
2018/05,UP1,38
2018/05,VALIDUS,10
2018/05,VANGUARD,76
2018/05,VIMCO,23
2018/05,VRS,5
2018/05,WACHOVIA,21
2018/05,WATFORD,3
2018/05,WBLAIR,2
2018/05,WRBERKLEY,14
2018/06,,207
2018/06,1199,6
2018/06,ABN,8
2018/06,AC1,37
2018/06,AEG,41
2018/06,AEGONUK,3
2018/06,AFLAC,28
2018/06,AGFSA,6
2018/06,AHSS,24
2018/06,AIRBUS,4
2018/06,AKAAN,12
2018/06,ALIMCO,6
2018/06,ALLEGHANY,4
2018/06,ALLSTATE,68
2018/06,AMBAC,23
2018/06,AMCAP,1
2018/06,AMFAM,15
2018/06,AMP,17
2018/06,APFC,10
2018/06,ARCH,47
2018/06,ARGO,9
2018/06,ARMOUR,13
2018/06,ASPEN,6
2018/06,ATHENE,20
2018/06,ATT,3
2018/06,AUSSUPER,9
2018/06,AVIVA,102
2018/06,AWAC,15
2018/06,AXIS,35
2018/06,BANAMEX,46
2018/06,BCBSM,3
2018/06,BEN,1
2018/06,BHF,67
2018/06,BKI,1
2018/06,BLK,2361
2018/06,BNPPAM,23
2018/06,BNY,21
2018/06,BNYMAS,48
2018/06,BOCI PRU,1
2018/06,BOEING,68
2018/06,BRAEBURN,1
2018/06,BSP,14
2018/06,CAL,33
2018/06,CALSTRS,47
2018/06,CANO,14
2018/06,CAPGROUP,77
2018/06,CATLIN,39
2018/06,CFS,29
2018/06,CHIMERA,6
2018/06,COAL,6
2018/06,COMMONFUND,2
2018/06,COMPASS,19
2018/06,CSAM,67
2018/06,CSPK,13
2018/06,DAN,8
2018/06,DAWM,631
2018/06,DELLIFE,3
2018/06,DISNEY,12
2018/06,DLG,20
2018/06,DTCC,44
2018/06,DYNEX,8
2018/06,EASTSPRING,213
2018/06,EATONVANCE,52
2018/06,ENDUR,56
2018/06,ENS,17
2018/06,EQUITRUST,10
2018/06,EdwardJones,4
2018/06,FANNIEMAE,5
2018/06,FITB,49
2018/06,FNFG,2
2018/06,FRBNY,5
2018/06,FRE,31
2018/06,GAFG,53
2018/06,GEAM,32
2018/06,GENWORTH,11
2018/06,GIC,49
2018/06,GMAC,19
2018/06,GOOGLE,3
2018/06,GREYCASTLE,3
2018/06,GSMM,2
2018/06,GUGGENHEIM,47
2018/06,HCSC,11
2018/06,HIC,17
2018/06,HIERS,10
2018/06,HIM,93
2018/06,HMANN,8
2018/06,HORIZON,10
2018/06,IBM,1
2018/06,IIM,62
2018/06,ILLTRS,29
2018/06,ING,114
2018/06,INVESCO,135
2018/06,ISSSTE,5
2018/06,JPM-Pension,7
2018/06,JPM-Team,35
2018/06,JUPITER,27
2018/06,KRK,55
2018/06,LANC,62
2018/06,LB2,7
2018/06,LCP,10
2018/06,LMGINV,34
2018/06,LW1,1
2018/06,MEAG,38
2018/06,MERCK,8
2018/06,METLIFE,74
2018/06,MHTB,1
2018/06,MICHELIN,5
2018/06,MIZUHO,30
2018/06,MIZUHOBANK,5
2018/06,MO1,4
2018/06,MS-INS,5
2018/06,MSIM,117
2018/06,NBG,73
2018/06,NDRIO,24
2018/06,NGUKPS,9
2018/06,NJM,2
2018/06,NLI,2
2018/06,NMXERB,43
2018/06,NOKIA,8
2018/06,NT,16
2018/06,NTGA,10
2018/06,NTGI,27
2018/06,NWM,32
2018/06,NYLIM,19
2018/06,NYSCRF,63
2018/06,NYSIF,11
2018/06,OCICL,6
2018/06,ONEAMERICA,6
2018/06,ONEWEST,8
2018/06,ONFA,8
2018/06,OREGON,6
2018/06,PARTNERRE,11
2018/06,PB2,16
2018/06,PBGC,35
2018/06,PD1,69
2018/06,PFA,2
2018/06,PG1,32
2018/06,PIONEER,72
2018/06,PNC,116
2018/06,PPF,58
2018/06,PPMG,154
2018/06,PR4,1
2018/06,PRINCIPAL,23
2018/06,PRU,81
2018/06,PRUGP,13
2018/06,PSERS,17
2018/06,QIC,29
2018/06,QUALCOMM,8
2018/06,RAYTHEON,14
2018/06,RED,16
2018/06,REGIONS,27
2018/06,RENRE,31
2018/06,REUTERS,6
2018/06,RGA,17
2018/06,RVSI,102
2018/06,SBAFLA,12
2018/06,SCHRODERS,170
2018/06,SCHWAB,10
2018/06,SEI,174
2018/06,SELECTIVE,3
2018/06,SENTINEL,7
2018/06,SGCP,6
2018/06,SH1,6
2018/06,SMAM,7
2018/06,SUNLIFE,8
2018/06,SUNSUPER,18
2018/06,SURAAM,27
2018/06,SW1,7
2018/06,SWISSRE,34
2018/06,TDBANK,13
2018/06,TEA,11
2018/06,TFL,1
2018/06,TOKMAR,34
2018/06,TWG,2
2018/06,UAWRMBT,38
2018/06,UBSWM,3
2018/06,UCREGENTS,34
2018/06,UNIONBANK,21
2018/06,UP1,35
2018/06,VALIDUS,4
2018/06,VANGUARD,65
2018/06,VIMCO,24
2018/06,VRS,22
2018/06,WACHOVIA,20
2018/06,WBLAIR,5
2018/06,WRBERKLEY,10
2018/07,,182
2018/07,1199,11
2018/07,ABN,16
2018/07,AC1,23
2018/07,AEG,41
2018/07,AEGONUK,8
2018/07,AFLAC,26
2018/07,AGFSA,2
2018/07,AHSS,24
2018/07,AIRBUS,1
2018/07,AKAAN,13
2018/07,ALIMCO,4
2018/07,ALLEGHANY,3
2018/07,ALLSTATE,52
2018/07,ALX,1
2018/07,AMBAC,14
2018/07,AMCAP,7
2018/07,AMFAM,23
2018/07,AMP,19
2018/07,ANDWM,1
2018/07,APFC,9
2018/07,ARCH,42
2018/07,ARGO,3
2018/07,ARMOUR,9
2018/07,ASPEN,7
2018/07,ATHENE,15
2018/07,ATT,1
2018/07,AUSSUPER,17
2018/07,AVIVA,96
2018/07,AWAC,7
2018/07,AXIS,25
2018/07,BANAMEX,45
2018/07,BANKINVEST,1
2018/07,BCBSM,8
2018/07,BEN,1
2018/07,BHF,63
2018/07,BKI,2
2018/07,BLK,2762
2018/07,BNPPAM,19
2018/07,BNY,17
2018/07,BNYM-PA,1
2018/07,BNYMAS,45
2018/07,BOCI PRU,3
2018/07,BOEING,70
2018/07,BRAEBURN,4
2018/07,BSP,12
2018/07,CAL,59
2018/07,CALSTRS,35
2018/07,CAM,2
2018/07,CANO,22
2018/07,CAPGROUP,59
2018/07,CATLIN,25
2018/07,CFS,39
2018/07,CHIMERA,3
2018/07,CITIZENS,26
2018/07,COAL,15
2018/07,COMPASS,12
2018/07,COSMOS,1
2018/07,CSAM,101
2018/07,CSPK,20
2018/07,DAIWA,67
2018/07,DAN,2
2018/07,DAWM,551
2018/07,DELLIFE,24
2018/07,DISNEY,14
2018/07,DLG,23
2018/07,DTCC,52
2018/07,DYNEX,4
2018/07,EASTSPRING,179
2018/07,EATONVANCE,55
2018/07,ENDUR,59
2018/07,ENS,23
2018/07,EQUITRUST,7
2018/07,EdwardJones,10
2018/07,FANNIEMAE,3
2018/07,FITB,45
2018/07,FNFG,6
2018/07,FRBNY,26
2018/07,FRE,36
2018/07,GAFG,37
2018/07,GEAM,27
2018/07,GENWORTH,16
2018/07,GIC,54
2018/07,GMAC,17
2018/07,GOOGLE,4
2018/07,GREYCASTLE,3
2018/07,GSMM,3
2018/07,GUGGENHEIM,42
2018/07,HCSC,15
2018/07,HIC,15
2018/07,HIERS,4
2018/07,HIM,112
2018/07,HMANN,17
2018/07,HORIZON,6
2018/07,HSBCAW,1
2018/07,IBM,12
2018/07,IIM,87
2018/07,ILLTRS,40
2018/07,ING,93
2018/07,INVESCO,114
2018/07,ISSSTE,13
2018/07,JPM-Pension,14
2018/07,JPM-Team,36
2018/07,JUPITER,26
2018/07,KRK,51
2018/07,LANC,53
2018/07,LB2,12
2018/07,LCP,7
2018/07,LMGINV,25
2018/07,LW1,4
2018/07,MACQUARIE,1
2018/07,MEAG,33
2018/07,MERCK,8
2018/07,METAFORE,2
2018/07,METLIFE,95
2018/07,MHTB,2
2018/07,MICHELIN,4
2018/07,MIZUHO,34
2018/07,MIZUHOBANK,9
2018/07,MLW,1
2018/07,MO1,14
2018/07,MS-INS,5
2018/07,MSIM,77
2018/07,MSWM,1
2018/07,NBG,98
2018/07,NDRIO,24
2018/07,NGUKPS,11
2018/07,NINEPOINT,1
2018/07,NJM,2
2018/07,NLI,3
2018/07,NMXERB,46
2018/07,NOKIA,5
2018/07,NT,7
2018/07,NTGA,3
2018/07,NTGI,30
2018/07,NWM,20
2018/07,NYLIM,16
2018/07,NYSCRF,92
2018/07,NYSIF,17
2018/07,OCICL,2
2018/07,ONEAMERICA,9
2018/07,ONEWEST,6
2018/07,ONFA,15
2018/07,OREGON,9
2018/07,PARTNERRE,5
2018/07,PB2,23
2018/07,PBGC,42
2018/07,PD1,63
2018/07,PFA,10
2018/07,PG1,29
2018/07,PIONEER,56
2018/07,PNC,70
2018/07,PPF,38
2018/07,PPMG,150
2018/07,PR4,1
2018/07,PRINCIPAL,26
2018/07,PRU,87
2018/07,PRUGP,8
2018/07,PSERS,9
2018/07,QIC,32
2018/07,QUALCOMM,14
2018/07,RAYTHEON,16
2018/07,RED,9
2018/07,REGIONS,33
2018/07,RENRE,23
2018/07,REUTERS,5
2018/07,RGA,32
2018/07,RVSI,82
2018/07,SBAFLA,12
2018/07,SCHRODERS,213
2018/07,SCHWAB,21
2018/07,SEI,124
2018/07,SELECTIVE,17
2018/07,SENTINEL,5
2018/07,SGCP,11
2018/07,SH1,10
2018/07,SLOAN,1
2018/07,SMAM,5
2018/07,SMBCNIKKO,1
2018/07,STANDISH,1
2018/07,SUNLIFE,8
2018/07,SUNSUPER,13
2018/07,SURAAM,16
2018/07,SW1,5
2018/07,SWISSRE,44
2018/07,TDBANK,5
2018/07,TEA,10
2018/07,TFL,1
2018/07,TOKMAR,55
2018/07,TORPEDO,1
2018/07,TWG,2
2018/07,UAWRMBT,27
2018/07,UBSWM,2
2018/07,UCREGENTS,14
2018/07,UNICREDIT,1
2018/07,UNIONBANK,14
2018/07,UP1,40
2018/07,VALIDUS,11
2018/07,VANGUARD,71
2018/07,VIMCO,33
2018/07,VRS,18
2018/07,WACHOVIA,24
2018/07,WATFORD,9
2018/07,WBLAIR,4
2018/07,WRBERKLEY,14
2018/07,ZEUS,1
2018/08,,140
2018/08,1199,6
2018/08,ABN,8
2018/08,AC1,32
2018/08,ACE,1
2018/08,AEG,36
2018/08,AEGONUK,19
2018/08,AFLAC,26
2018/08,AGFSA,1
2018/08,AHSS,9
2018/08,AIRBUS,2
2018/08,AKAAN,5
2018/08,ALIMCO,5
2018/08,ALLEGHANY,6
2018/08,ALLSTATE,78
2018/08,AMBAC,17
2018/08,AMCAP,5
2018/08,AMFAM,10
2018/08,AMP,25
2018/08,APFC,19
2018/08,ARCH,45
2018/08,ARGO,5
2018/08,ARMOUR,10
2018/08,ASPEN,4
2018/08,ATHENE,18
2018/08,ATT,4
2018/08,AUSSUPER,19
2018/08,AVIVA,84
2018/08,AWAC,18
2018/08,AXIS,11
2018/08,BANAMEX,30
2018/08,BCBSM,4
2018/08,BEN,4
2018/08,BHF,31
2018/08,BKI,2
2018/08,BLK,3107
2018/08,BNPPAM,18
2018/08,BNY,9
2018/08,BNYM-PA,1
2018/08,BNYMAS,53
2018/08,BOCI PRU,4
2018/08,BOEING,65
2018/08,BRAEBURN,5
2018/08,BSP,14
2018/08,CAL,52
2018/08,CALSTRS,26
2018/08,CAM,2
2018/08,CANO,18
2018/08,CAPGROUP,45
2018/08,CATLIN,20
2018/08,CFS,39
2018/08,CHIMERA,4
2018/08,CITIZENS,45
2018/08,CMLA,59
2018/08,COAL,19
2018/08,COMMONFUND,2
2018/08,COMPASS,16
2018/08,COSMOS,1
2018/08,CSAM,111
2018/08,CSPK,25
2018/08,DAIWA,32
2018/08,DAN,3
2018/08,DAWM,476
2018/08,DELLIFE,25
2018/08,DISNEY,13
2018/08,DLG,19
2018/08,DTCC,56
2018/08,DYNEX,10
2018/08,EASTSPRING,197
2018/08,EATONVANCE,61
2018/08,ENDUR,61
2018/08,ENS,21
2018/08,EQUITRUST,13
2018/08,EXELON,10
2018/08,EdwardJones,7
2018/08,FANNIEMAE,7
2018/08,FITB,22
2018/08,FNFG,4
2018/08,FRBNY,3
2018/08,FRE,16
2018/08,GAFG,35
2018/08,GEAM,14
2018/08,GENWORTH,12
2018/08,GIC,45
2018/08,GMAC,8
2018/08,GREYCASTLE,2
2018/08,GSMM,6
2018/08,GUGGENHEIM,66
2018/08,HCSC,11
2018/08,HIC,14
2018/08,HIM,84
2018/08,HMANN,25
2018/08,HORIZON,29
2018/08,IBM,11
2018/08,IIM,63
2018/08,ILLTRS,36
2018/08,ING,102
2018/08,INVESCO,88
2018/08,ISSSTE,9
2018/08,JPM-PA,1
2018/08,JPM-Pension,16
2018/08,JPM-Team,35
2018/08,JUPITER,45
2018/08,KRK,34
2018/08,LANC,59
2018/08,LB2,18
2018/08,LMGINV,25
2018/08,MACQUARIE,1
2018/08,MEAG,22
2018/08,MERCK,5
2018/08,METLIFE,77
2018/08,MHTB,3
2018/08,MICHELIN,3
2018/08,MIZUHO,31
2018/08,MIZUHOBANK,6
2018/08,MO1,7
2018/08,MS-INS,1
2018/08,MSIM,125
2018/08,NBG,114
2018/08,NDRIO,34
2018/08,NGUKPS,4
2018/08,NJM,1
2018/08,NLI,3
2018/08,NMXERB,48
2018/08,NOKIA,4
2018/08,NT,19
2018/08,NTGA,7
2018/08,NTGI,34
2018/08,NWM,26
2018/08,NYLIM,25
2018/08,NYSCRF,90
2018/08,NYSIF,5
2018/08,OCICL,2
2018/08,ONEAMERICA,5
2018/08,ONEWEST,2
2018/08,ONFA,23
2018/08,OREGON,3
2018/08,PARTNERRE,9
2018/08,PB2,48
2018/08,PBGC,40
2018/08,PD1,74
2018/08,PFA,5
2018/08,PG1,27
2018/08,PIONEER,38
2018/08,PNC,67
2018/08,PPF,42
2018/08,PPMG,163
2018/08,PR4,3
2018/08,PRINCIPAL,45
2018/08,PROMECAP,2
2018/08,PRU,98
2018/08,PRUGP,11
2018/08,PSERS,16
2018/08,QIC,27
2018/08,QUALCOMM,10
2018/08,RAYTHEON,12
2018/08,RED,14
2018/08,REGIONS,24
2018/08,RENRE,21
2018/08,REUTERS,19
2018/08,RGA,20
2018/08,RVSI,88
2018/08,SBAFLA,12
2018/08,SCHRODERS,324
2018/08,SCHWAB,12
2018/08,SEI,104
2018/08,SELECTIVE,13
2018/08,SENTINEL,4
2018/08,SGCP,3
2018/08,SH1,8
2018/08,SLOAN,4
2018/08,SMAM,2
2018/08,SMTB,1
2018/08,SUNLIFE,5
2018/08,SUNSUPER,9
2018/08,SURAAM,17
2018/08,SW1,9
2018/08,SWISSRE,35
2018/08,TDBANK,4
2018/08,TEA,6
2018/08,TFL,3
2018/08,TOKMAR,62
2018/08,TWG,2
2018/08,UAWRMBT,28
2018/08,UBSWM,2
2018/08,UCREGENTS,16
2018/08,UNIONBANK,18
2018/08,UP1,46
2018/08,VALIDUS,5
2018/08,VANGUARD,63
2018/08,VIMCO,24
2018/08,VRS,20
2018/08,WACHOVIA,16
2018/08,WATFORD,1
2018/08,WBLAIR,6
2018/08,WRBERKLEY,9
